loss,accuracy,precision,recall,f1
0.138216033577919,0.9555483714539723,0.043478260869565216,0.017369727047146403,0.024822695035460994
