loss,accuracy,precision,recall,f1
0.18009406328201294,0.9158651903337913,0.03225806451612903,0.05459057071960298,0.04055299539170507
