loss,accuracy,precision,recall,f1
0.1587376892566681,0.9241089469005092,0.03633217993079585,0.052109181141439205,0.04281345565749236
