loss,accuracy,precision,recall,f1
0.24893148243427277,0.9337266628950134,0.0457516339869281,0.052109181141439205,0.048723897911832945
