loss,accuracy,precision,recall,f1
0.14274375140666962,0.9446375171744928,0.026845637583892617,0.019851116625310174,0.02282453637660485
