loss,accuracy,precision,recall,f1
0.18793368339538574,0.95029499717126,0.01818181818181818,0.009925558312655087,0.012841091492776886
