loss,accuracy,precision,recall,f1
0.11434745788574219,0.9595894285945203,0.04672897196261682,0.01240694789081886,0.019607843137254905
