loss,accuracy,precision,recall,f1
0.15807630121707916,0.9536086640265093,0.027624309392265192,0.01240694789081886,0.01712328767123288
