loss,accuracy,precision,recall,f1
0.27415329217910767,0.9449608017457367,0.03355704697986577,0.02481389578163772,0.02853067047075606
