loss,accuracy,precision,recall,f1
0.15689709782600403,0.9569223308817587,0.03571428571428571,0.01240694789081886,0.01841620626151013
