loss,accuracy,precision,recall,f1
0.16642799973487854,0.9214418491877475,0.04186795491143317,0.06451612903225806,0.05078125
