neurons_per_layer,tr_loss,tr_loss_std,te_loss,te_loss_std
32,0.0608895529668924,0.0462433055086198,0.1089046336710453,0.05674490210407769
64,0.03000990176625839,0.03379355226046806,0.0773479437455535,0.06914862377174118
128,0.01850527228149605,0.02023585911333792,0.06618215525522828,0.07473254821843181
256,0.010716631457188385,0.008670557623118913,0.059549101069569586,0.08299723195387297
512,0.007174343256718685,0.0025826050178838866,0.06405985886231065,0.10072245354995693
700,0.009897327484063622,0.006955616996645602,0.06380835687741637,0.0982629623549216
1024,0.006792921154456723,0.002166254855705328,0.06603926382958888,0.10907697270960957
2048,0.0052073587581820575,0.001137811277113784,0.07084311749786139,0.116204696916771
