loss,accuracy,precision,recall,f1
0.14508938789367676,0.9567606885961367,0.007462686567164179,0.0024813895781637717,0.0037243947858473
