loss,accuracy,precision,recall,f1
0.14465463161468506,0.9586195748807889,0.009009009009009009,0.0024813895781637717,0.0038910505836575876
